{
  "creators": [
    {
      "affiliation": "Google Inc, Kitware Inc, University of North Carolina at Chapel Hill, Universit\u00e9 de Rennes 1, Universidad Industrial de Santander",
      "name": "Ibanez, Luis",
      "orcid": "0000-0003-2712-8584"
    },
    {
      "affiliation": "GE Research",
      "name": "Lorensen, Bill"
    },
    {
      "affiliation": "Kitware Inc",
      "name": "McCormick, Matthew",
      "orcid": "0000-0001-9475-3756"
    },
    {
      "affiliation": "Kitware Inc",
      "name": "King, Brad"
    },
    {
      "affiliation": "Mayo Clinic, Mayo Clinic Graduate School for Biomedical Sciences",
      "name": "Blezek, Daniel",
      "orcid": "0000-0002-6498-6273"
    },
    {
      "affiliation": "University of Iowa",
      "name": "Johnson, Hans",
      "orcid": "0000-0001-9513-2660"
    },
    {
      "name": "Lowekamp, Bradley"
    },
    {
      "affiliation": "Kitware SAS, Kitware Inc",
      "name": "Jomier, Julien",
      "orcid": "0000-0002-9020-3770"
    },
    {
      "name": "Miller, Jim"
    },
    {
      "name": "Lehmann, Ga\u00ebtan"
    },
    {
      "name": "Cates, Josh"
    },
    {
      "affiliation": "Allen Institute for Brain Science",
      "name": "Ng, Lydia",
      "orcid": "0000-0002-7499-3514"
    },
    {
      "name": "Kim, Jisung"
    },
    {
      "name": "Gelas, Arnaud"
    },
    {
      "name": "Malaterre, Mathieu"
    },
    {
      "name": "Krishnan, Karthik"
    },
    {
      "affiliation": "Kitware Inc",
      "name": "Hoffman, Bill"
    },
    {
      "affiliation": "University of Iowa",
      "name": "Williams, Kent"
    },
    {
      "name": "Budin, Francois"
    },
    {
      "affiliation": "Kitware Inc",
      "name": "R. Aylward, Stephen",
      "orcid": "0000-0002-7862-8856"
    },
    {
      "affiliation": "Kitware Inc, University of Siegen",
      "name": "Zuki\u0107, D\u017eenan",
      "orcid": "0000-0002-9546-9703"
    },
    {
      "affiliation": "Universit\u00e9 de Sherbrooke",
      "name": "Legarreta, Jon Haitz",
      "orcid": "0000-0002-9661-1396"
    },
    {
      "affiliation": "Kitware Inc",
      "name": "Schroeder, Will"
    },
    {
      "name": "Liu, Xiaoxiao"
    },
    {
      "affiliation": "University of Pennsylvania",
      "name": "Avants, Brian",
      "orcid": "0000-0002-4212-3362"
    },
    {
      "name": "Dekker, Niels"
    },
    {
      "name": "Noe, Aljaz"
    },
    {
      "name": "Popoff, Michka"
    },
    {
      "name": "Hart, Gabe"
    },
    {
      "name": "McBride, Sean"
    },
    {
      "name": "Sundaram, Tessa"
    },
    {
      "name": "Gouaillard, Alexandre"
    },
    {
      "name": "Stauffer, Michael"
    },
    {
      "affiliation": "University of California Irvine, University of Virginia, Washington University in Saint Louis, Brigham Young University",
      "name": "Tustison, Nick",
      "orcid": "0000-0001-9418-5103"
    },
    {
      "affiliation": "Kitware Inc",
      "name": "Enquobahrie, Andinet"
    },
    {
      "name": "Pathak, Sayan"
    },
    {
      "name": "Cedilnik, Andy"
    },
    {
      "name": "Chen, Ting"
    },
    {
      "name": "Shelton, Damion"
    },
    {
      "affiliation": "Kitware Inc",
      "name": "Helba, Brian"
    },
    {
      "affiliation": "Kitware Inc",
      "name": "Quammen, Cory"
    },
    {
      "name": "Jin, Yinpeng"
    },
    {
      "name": "Padfield, Dirk"
    },
    {
      "name": "Vercauteren, Tom"
    },
    {
      "name": "Jae Kang, Hyun"
    },
    {
      "affiliation": "Kitware Inc",
      "name": "Turek, Matt"
    },
    {
      "name": "Tamburo, Robert"
    },
    {
      "name": "Hernandez-Cerdan, Pablo",
      "orcid": "0000-0002-1689-3451"
    },
    {
      "name": "Audette, Michel"
    },
    {
      "name": "Foskey, Mark"
    },
    {
      "name": "Hughett, Paul"
    },
    {
      "name": "Doria, David"
    },
    {
      "name": "Kindlmann, Gordon"
    },
    {
      "affiliation": "Kitware Inc",
      "name": "Cole, David"
    },
    {
      "affiliation": "Kitware Inc",
      "name": "Fillion-Robin, Jean-Christophe",
      "orcid": "0000-0002-9688-8950"
    },
    {
      "affiliation": "Kitware Inc",
      "name": "Turner, Wes"
    },
    {
      "name": "Chen, Sophie"
    },
    {
      "name": "S. FONOV, Vladimir"
    },
    {
      "name": "Tasdizen, Tolga"
    },
    {
      "name": "Duda, Jeffrey"
    },
    {
      "name": "Galeotti, John"
    },
    {
      "affiliation": "Kitware Inc",
      "name": "BARRE, Sebastien"
    },
    {
      "name": "Jaume, Sylvain"
    },
    {
      "name": "Mosaliganti, Kishore"
    },
    {
      "name": "Chandra, Parag"
    },
    {
      "name": "Ghayoor, Ali"
    },
    {
      "name": "Mackelfresh, Andrew"
    },
    {
      "name": "Mullins, Christopher"
    },
    {
      "name": "Zhuge, Ying"
    },
    {
      "affiliation": "Tufts University School of Medicine",
      "name": "Vigneault, Davis",
      "orcid": "0000-0003-3798-9812"
    },
    {
      "affiliation": "Kitware Inc",
      "name": "Martin, Ken"
    },
    {
      "name": "Xue, Xinwei"
    },
    {
      "name": "Straing, Marius"
    },
    {
      "name": "Estepar, Raul"
    },
    {
      "name": "Squillacote, Amy"
    },
    {
      "name": "Wyman, Brad"
    },
    {
      "affiliation": "Kitware Inc",
      "name": "Newberg, Lee",
      "orcid": "0000-0003-4644-8874"
    },
    {
      "name": "Chang, Wilson"
    },
    {
      "name": "Guyon, Jean-Philippe"
    },
    {
      "affiliation": "University of Lyon, CREATIS",
      "name": "Rit, Simon",
      "orcid": "0000-0003-2530-1013"
    },
    {
      "name": "Botha, Charl"
    },
    {
      "name": "Baghdadi, Leila"
    },
    {
      "name": "maekclena"
    },
    {
      "name": "P. Awate, Suyash"
    },
    {
      "name": "Reynolds, Patrick"
    },
    {
      "name": "Pincus, Zachary"
    },
    {
      "name": "Finet, Julien"
    },
    {
      "name": "Venkatram, Raghu"
    },
    {
      "name": "Zygmunt, Kris"
    },
    {
      "name": "Rondot, Pascale"
    },
    {
      "name": "Davis, Brad"
    },
    {
      "name": "Antiga, Luca"
    },
    {
      "name": "Coursolle, Mathieu"
    },
    {
      "name": "Roden, Mark"
    },
    {
      "name": "Park, Sangwook"
    },
    {
      "name": "Cheung, Ho"
    },
    {
      "name": "Aaron Cois, C."
    },
    {
      "name": "Gandel, Lucas"
    },
    {
      "name": "Kaucic, Robert"
    },
    {
      "name": "Yaniv, Ziv",
      "orcid": "0000-0003-0315-7727"
    },
    {
      "name": "D. Hanwell, Marcus"
    },
    {
      "name": "Magnotta, Vincent"
    },
    {
      "name": "Bertel, Fran\u00e7ois"
    },
    {
      "name": "Greer, Hastings"
    },
    {
      "name": "Hipwell, John"
    },
    {
      "name": "Chandrashekara, Raghavendra"
    },
    {
      "name": "C. Bigler, Don"
    },
    {
      "affiliation": "Kitware Inc",
      "name": "Gerber, Samuel"
    },
    {
      "name": "Styner, Martin"
    },
    {
      "name": "Robbins, Steven"
    },
    {
      "name": "Chalana, Vikram"
    },
    {
      "name": "Le Poul, Yann"
    },
    {
      "name": "Neundorf, Alexander"
    },
    {
      "name": "Isakov, Mihail"
    },
    {
      "name": "Lamb, Peter"
    },
    {
      "name": "Williamson, Zach"
    },
    {
      "name": "Braun-Jones, Taylor"
    },
    {
      "name": "Wasem, Andrew"
    },
    {
      "name": "Rannou, Nicolas"
    },
    {
      "name": "Beare, Richard"
    },
    {
      "name": "ITK Community Members"
    }
  ],
  "keywords": [
    "itk",
    "insight-toolkit",
    "c-plus-plus",
    "python",
    "image-analysis",
    "medical-imaging",
    "scientific-computing",
    "open-science",
    "open-source",
    "reproducible-research"
  ],
  "license": "Apache-2.0",
  "upload_type": "software"
}
